{
	"class_name" : "PinholeCameraParameters",
	"extrinsic" : 
	[
		0.66185284426007651,
		0.25230398296672374,
		-0.7058990811185224,
		0.0,
		0.20499182082088407,
		-0.96668174451513766,
		-0.15331261597699258,
		0.0,
		-0.72106113883732881,
		-0.043233147008949507,
		-0.69152131497034641,
		0.0,
		4.1652203826380401,
		11.465855769093412,
		159.46219441959209,
		1.0
	],
	"intrinsic" : 
	{
		"height" : 1055,
		"intrinsic_matrix" : 
		[
			913.65680099258282,
			0.0,
			0.0,
			0.0,
			913.65680099258282,
			0.0,
			959.5,
			527.0,
			1.0
		],
		"width" : 1920
	},
	"version_major" : 1,
	"version_minor" : 0
}