{
	"class_name" : "PinholeCameraParameters",
	"extrinsic" : 
	[
		0.98365648987378407,
		0.098402737016099112,
		-0.15078730476046931,
		0.0,
		0.099347802816362976,
		-0.99505195712593442,
		-0.0012714933774176321,
		0.0,
		-0.15016632114008543,
		-0.013729674708025549,
		-0.98856541110220153,
		0.0,
		-997.31184401594237,
		442.42267718514591,
		2470.2946071244464,
		1.0
	],
	"intrinsic" : 
	{
		"height" : 1055,
		"intrinsic_matrix" : 
		[
			913.65680099258282,
			0.0,
			0.0,
			0.0,
			913.65680099258282,
			0.0,
			959.5,
			527.0,
			1.0
		],
		"width" : 1920
	},
	"version_major" : 1,
	"version_minor" : 0
}