{
	"class_name" : "PinholeCameraParameters",
	"extrinsic" : 
	[
		0.24874986051590867,
		0.21419025161738553,
		-0.94458776352724216,
		0.0,
		0.25918000755334469,
		-0.95439713111295787,
		-0.14816153282145753,
		0.0,
		-0.93324660758985045,
		-0.20796310306262683,
		-0.29291998427317839,
		0.0,
		6.9768837355376121,
		10.471541798692005,
		160.15832734195314,
		1.0
	],
	"intrinsic" : 
	{
		"height" : 1055,
		"intrinsic_matrix" : 
		[
			913.65680099258282,
			0.0,
			0.0,
			0.0,
			913.65680099258282,
			0.0,
			959.5,
			527.0,
			1.0
		],
		"width" : 1920
	},
	"version_major" : 1,
	"version_minor" : 0
}