{
	"class_name" : "PinholeCameraParameters",
	"extrinsic" : 
	[
		0.99061895224700414,
		-0.08566402059134913,
		-0.10646955914801481,
		0.0,
		-0.05280002016559826,
		-0.95855399853543022,
		0.27997569494913493,
		0.0,
		-0.12604066534083405,
		-0.27172763471510136,
		-0.95408481971603365,
		0.0,
		1.0708014939508494,
		11.382497082602487,
		156.56353983313895,
		1.0
	],
	"intrinsic" : 
	{
		"height" : 1055,
		"intrinsic_matrix" : 
		[
			913.65680099258282,
			0.0,
			0.0,
			0.0,
			913.65680099258282,
			0.0,
			959.5,
			527.0,
			1.0
		],
		"width" : 1920
	},
	"version_major" : 1,
	"version_minor" : 0
}