{
	"class_name" : "PinholeCameraParameters",
	"extrinsic" : 
	[
		0.99651361004226713,
		0.08188882248045036,
		0.015963889040387241,
		0.0,
		0.083280048637251303,
		-0.98781959172506295,
		-0.13144157524583777,
		0.0,
		0.0050058465323623621,
		0.13231279211359523,
		-0.9911953725394399,
		0.0,
		-963.59420835712206,
		467.85085924399789,
		1180.3939606563301,
		1.0
	],
	"intrinsic" : 
	{
		"height" : 1055,
		"intrinsic_matrix" : 
		[
			913.65680099258282,
			0.0,
			0.0,
			0.0,
			913.65680099258282,
			0.0,
			959.5,
			527.0,
			1.0
		],
		"width" : 1920
	},
	"version_major" : 1,
	"version_minor" : 0
}