{
	"class_name" : "PinholeCameraParameters",
	"extrinsic" : 
	[
		0.99935602528407663,
		0.031809149585191696,
		0.016604599696445874,
		0.0,
		0.033042297594158811,
		-0.99623057918037994,
		-0.080204985353929031,
		0.0,
		0.013990757596047395,
		0.080701989495871929,
		-0.99664007926296894,
		0.0,
		-691.67982617756161,
		437.85760988010776,
		1307.006590228606,
		1.0
	],
	"intrinsic" : 
	{
		"height" : 1055,
		"intrinsic_matrix" : 
		[
			913.65680099258282,
			0.0,
			0.0,
			0.0,
			913.65680099258282,
			0.0,
			959.5,
			527.0,
			1.0
		],
		"width" : 1920
	},
	"version_major" : 1,
	"version_minor" : 0
}