{
	"class_name" : "PinholeCameraParameters",
	"extrinsic" : 
	[
		0.9995978313824051,
		0.0038127261571469684,
		-0.028100509156307227,
		0.0,
		0.0038263287728631562,
		-0.99999258699139837,
		0.00043031427180476554,
		0.0,
		-0.028098660176511237,
		-0.00053766299962582532,
		-0.99960501009888103,
		0.0,
		-2.4554861882298447,
		10.752602931511809,
		127.40685621621716,
		1.0
	],
	"intrinsic" : 
	{
		"height" : 1055,
		"intrinsic_matrix" : 
		[
			913.65680099258282,
			0.0,
			0.0,
			0.0,
			913.65680099258282,
			0.0,
			959.5,
			527.0,
			1.0
		],
		"width" : 1920
	},
	"version_major" : 1,
	"version_minor" : 0
}