{
	"class_name" : "PinholeCameraParameters",
	"extrinsic" : 
	[
		0.49470004108276622,
		0.57130718325320473,
		-0.65488928202864849,
		0.0,
		0.85566125411987293,
		-0.45202291935828753,
		0.2520299557053039,
		0.0,
		-0.15203844102961545,
		-0.68504261381179798,
		-0.71246117768702599,
		0.0,
		-6.9222423521837975,
		9.3020614860574256,
		147.25457394890643,
		1.0
	],
	"intrinsic" : 
	{
		"height" : 1055,
		"intrinsic_matrix" : 
		[
			913.65680099258282,
			0.0,
			0.0,
			0.0,
			913.65680099258282,
			0.0,
			959.5,
			527.0,
			1.0
		],
		"width" : 1920
	},
	"version_major" : 1,
	"version_minor" : 0
}