{
	"class_name" : "PinholeCameraParameters",
	"extrinsic" : 
	[
		0.97487821309593548,
		0.11863616709890365,
		-0.18851506435019169,
		0.0,
		0.10391620327671842,
		-0.99084608997822243,
		-0.086171043114379772,
		0.0,
		-0.19701241668338476,
		0.064416502784221175,
		-0.97828248570728438,
		0.0,
		-2.7264152440730314,
		8.1572742986993507,
		164.18033395082881,
		1.0
	],
	"intrinsic" : 
	{
		"height" : 1055,
		"intrinsic_matrix" : 
		[
			913.65680099258282,
			0.0,
			0.0,
			0.0,
			913.65680099258282,
			0.0,
			959.5,
			527.0,
			1.0
		],
		"width" : 1920
	},
	"version_major" : 1,
	"version_minor" : 0
}