{
	"class_name" : "PinholeCameraParameters",
	"extrinsic" : 
	[
		0.99767150700026341,
		0.020189233035959042,
		-0.065145675138439607,
		0.0,
		0.010197931860441427,
		-0.98860287841453476,
		-0.15020103520371156,
		0.0,
		-0.067435645660089596,
		0.14918694198862228,
		-0.98650681195544232,
		0.0,
		18.263868532508837,
		-9.651723290257717,
		177.1710504568006,
		1.0
	],
	"intrinsic" : 
	{
		"height" : 1055,
		"intrinsic_matrix" : 
		[
			913.65680099258282,
			0.0,
			0.0,
			0.0,
			913.65680099258282,
			0.0,
			959.5,
			527.0,
			1.0
		],
		"width" : 1920
	},
	"version_major" : 1,
	"version_minor" : 0
}