{
	"class_name" : "PinholeCameraParameters",
	"extrinsic" : 
	[
		0.019508954312540534,
		-0.0053328938702764351,
		-0.99979545955390281,
		0.0,
		-0.13468060299872783,
		-0.99088549976819296,
		0.0026573530133427938,
		0.0,
		-0.99069699498763508,
		0.13460121318958024,
		-0.020049377306113621,
		0.0,
		12.94379630468622,
		10.35830154245971,
		150.61497099008443,
		1.0
	],
	"intrinsic" : 
	{
		"height" : 1055,
		"intrinsic_matrix" : 
		[
			913.65680099258282,
			0.0,
			0.0,
			0.0,
			913.65680099258282,
			0.0,
			959.5,
			527.0,
			1.0
		],
		"width" : 1920
	},
	"version_major" : 1,
	"version_minor" : 0
}