{
	"class_name" : "PinholeCameraParameters",
	"extrinsic" : 
	[
		-0.95486793754956456,
		0.18888347973126021,
		-0.22923841939005699,
		0.0,
		-0.068936780276969728,
		-0.89161809381125368,
		-0.44750965924036917,
		0.0,
		-0.28892030417553877,
		-0.41150966680382745,
		0.86439854925960935,
		0.0,
		6.78617016132484,
		15.666396249682514,
		136.00118013642975,
		1.0
	],
	"intrinsic" : 
	{
		"height" : 1055,
		"intrinsic_matrix" : 
		[
			913.65680099258282,
			0.0,
			0.0,
			0.0,
			913.65680099258282,
			0.0,
			959.5,
			527.0,
			1.0
		],
		"width" : 1920
	},
	"version_major" : 1,
	"version_minor" : 0
}