{
	"class_name" : "PinholeCameraParameters",
	"extrinsic" : 
	[
		0.99687371716877082,
		0.078559176488848387,
		-0.0084408416352683355,
		0.0,
		0.078450739750858769,
		-0.99683974313352275,
		-0.012490313928622042,
		0.0,
		-0.0093953951838513725,
		0.011789075404223678,
		-0.99988636566884581,
		0.0,
		-961.50178154710557,
		478.89665223770908,
		904.77063109116079,
		1.0
	],
	"intrinsic" : 
	{
		"height" : 1055,
		"intrinsic_matrix" : 
		[
			913.65680099258282,
			0.0,
			0.0,
			0.0,
			913.65680099258282,
			0.0,
			959.5,
			527.0,
			1.0
		],
		"width" : 1920
	},
	"version_major" : 1,
	"version_minor" : 0
}