{
	"class_name" : "PinholeCameraParameters",
	"extrinsic" : 
	[
		0.991829613988648,
		0.092493260080720827,
		-0.08785791742791231,
		0.0,
		0.085520828361395435,
		-0.99311424025132944,
		-0.08006430994148124,
		0.0,
		-0.094658357959086045,
		0.071896471746984658,
		-0.99291021377505462,
		0.0,
		-2.5279966267946818,
		9.6678311479195127,
		115.74943484608767,
		1.0
	],
	"intrinsic" : 
	{
		"height" : 1055,
		"intrinsic_matrix" : 
		[
			913.65680099258282,
			0.0,
			0.0,
			0.0,
			913.65680099258282,
			0.0,
			959.5,
			527.0,
			1.0
		],
		"width" : 1920
	},
	"version_major" : 1,
	"version_minor" : 0
}