{
	"class_name" : "PinholeCameraParameters",
	"extrinsic" : 
	[
		0.9993634227524667,
		-0.0083977567329208275,
		-0.034673144454018576,
		0.0,
		-0.01137324779858713,
		-0.99618425528188703,
		-0.086530796615911593,
		0.0,
		-0.033814176006321507,
		0.086870059343406747,
		-0.9956456168188994,
		0.0,
		-2.2413905214684382,
		9.9839877991343453,
		132.56232199372704,
		1.0
	],
	"intrinsic" : 
	{
		"height" : 1055,
		"intrinsic_matrix" : 
		[
			913.65680099258282,
			0.0,
			0.0,
			0.0,
			913.65680099258282,
			0.0,
			959.5,
			527.0,
			1.0
		],
		"width" : 1920
	},
	"version_major" : 1,
	"version_minor" : 0
}