{
	"class_name" : "PinholeCameraParameters",
	"extrinsic" : 
	[
		0.91781597291056849,
		0.3923512178593393,
		-0.06061651354639265,
		0.0,
		0.38451916696950483,
		-0.91651760296849183,
		-0.11018390845295065,
		0.0,
		-0.098786892365864021,
		0.077820339842379307,
		-0.99206105890893226,
		0.0,
		-4.4262094633651916,
		2.7173697315104626,
		156.59960166342159,
		1.0
	],
	"intrinsic" : 
	{
		"height" : 1055,
		"intrinsic_matrix" : 
		[
			913.65680099258282,
			0.0,
			0.0,
			0.0,
			913.65680099258282,
			0.0,
			959.5,
			527.0,
			1.0
		],
		"width" : 1920
	},
	"version_major" : 1,
	"version_minor" : 0
}