{
	"class_name" : "PinholeCameraParameters",
	"extrinsic" : 
	[
		0.99262619155864351,
		0.12100886663712836,
		-0.0070779959720954069,
		0.0,
		0.12089214087991253,
		-0.99255102732612188,
		-0.015084708393985622,
		0.0,
		-0.0088506556398212262,
		0.014117802557688637,
		-0.99986116713556161,
		0.0,
		-5.058182257712315,
		8.7266176320407585,
		163.01057960195885,
		1.0
	],
	"intrinsic" : 
	{
		"height" : 1055,
		"intrinsic_matrix" : 
		[
			913.65680099258282,
			0.0,
			0.0,
			0.0,
			913.65680099258282,
			0.0,
			959.5,
			527.0,
			1.0
		],
		"width" : 1920
	},
	"version_major" : 1,
	"version_minor" : 0
}