{
	"class_name" : "PinholeCameraParameters",
	"extrinsic" : 
	[
		0.72435040364380721,
		-0.63132421306730957,
		-0.27703110066560377,
		0.0,
		0.65381387775388033,
		0.50154655147971627,
		0.56654961826413608,
		0.0,
		-0.21873249872272663,
		-0.5915072228584759,
		0.77606397887594669,
		0.0,
		-5.3950052902053045,
		-1.1713571087955899,
		142.84620193949689,
		1.0
	],
	"intrinsic" : 
	{
		"height" : 1055,
		"intrinsic_matrix" : 
		[
			913.65680099258282,
			0.0,
			0.0,
			0.0,
			913.65680099258282,
			0.0,
			959.5,
			527.0,
			1.0
		],
		"width" : 1920
	},
	"version_major" : 1,
	"version_minor" : 0
}