{
	"class_name" : "PinholeCameraParameters",
	"extrinsic" : 
	[
		0.9845709859202405,
		0.0088445772401486572,
		-0.17476197280154707,
		0.0,
		0.012062143515606281,
		-0.99977658555405646,
		0.01735752492958877,
		0.0,
		-0.17456940848228406,
		-0.019197719430063109,
		-0.98445770309893466,
		0.0,
		-2.4030641053556465,
		5.540019063484662,
		160.16877048452704,
		1.0
	],
	"intrinsic" : 
	{
		"height" : 1055,
		"intrinsic_matrix" : 
		[
			913.65680099258282,
			0.0,
			0.0,
			0.0,
			913.65680099258282,
			0.0,
			959.5,
			527.0,
			1.0
		],
		"width" : 1920
	},
	"version_major" : 1,
	"version_minor" : 0
}