{
	"class_name" : "PinholeCameraParameters",
	"extrinsic" : 
	[
		0.99536180351347481,
		0.041489579177572428,
		0.086795707993372301,
		0.0,
		0.018012490251762006,
		-0.96664046181035446,
		0.25550297020973156,
		0.0,
		0.094500953970491672,
		-0.25275449038688264,
		-0.96290432405713822,
		0.0,
		-925.69740247692823,
		495.47302400276328,
		874.54126139077744,
		1.0
	],
	"intrinsic" : 
	{
		"height" : 1055,
		"intrinsic_matrix" : 
		[
			913.65680099258282,
			0.0,
			0.0,
			0.0,
			913.65680099258282,
			0.0,
			959.5,
			527.0,
			1.0
		],
		"width" : 1920
	},
	"version_major" : 1,
	"version_minor" : 0
}