{
	"class_name" : "PinholeCameraParameters",
	"extrinsic" : 
	[
		0.626886861804548,
		0.32754091198679802,
		-0.7069157046435609,
		0.0,
		0.64310903050163692,
		-0.72972339099323558,
		0.23219506352327637,
		0.0,
		-0.43979954227362539,
		-0.60018390815831635,
		-0.66809852492257416,
		0.0,
		-3.6958238773735417,
		12.274154795929064,
		164.13319413521782,
		1.0
	],
	"intrinsic" : 
	{
		"height" : 1055,
		"intrinsic_matrix" : 
		[
			913.65680099258282,
			0.0,
			0.0,
			0.0,
			913.65680099258282,
			0.0,
			959.5,
			527.0,
			1.0
		],
		"width" : 1920
	},
	"version_major" : 1,
	"version_minor" : 0
}