{
	"class_name" : "PinholeCameraParameters",
	"extrinsic" : 
	[
		0.98935171598943572,
		-0.045315723555371508,
		-0.13831004037094446,
		0.0,
		-0.045882309613781584,
		-0.9989464384507899,
		-0.00090926948005484005,
		0.0,
		-0.13812311802614446,
		0.0072455714153833797,
		-0.99038856312136425,
		0.0,
		345.09126399607635,
		-326.36279721683286,
		930.62018087172316,
		1.0
	],
	"intrinsic" : 
	{
		"height" : 1055,
		"intrinsic_matrix" : 
		[
			913.65680099258282,
			0.0,
			0.0,
			0.0,
			913.65680099258282,
			0.0,
			959.5,
			527.0,
			1.0
		],
		"width" : 1920
	},
	"version_major" : 1,
	"version_minor" : 0
}