{
	"class_name" : "PinholeCameraParameters",
	"extrinsic" : 
	[
		0.99815276361441263,
		0.036030202435383143,
		0.048917123805228613,
		0.0,
		0.044094085446394433,
		-0.98352386252296553,
		-0.17531834894429327,
		0.0,
		0.041794402945332522,
		0.17715145034792185,
		-0.98329578028285625,
		0.0,
		-3.5044456761575331,
		9.6779399948776508,
		161.19007794794359,
		1.0
	],
	"intrinsic" : 
	{
		"height" : 1055,
		"intrinsic_matrix" : 
		[
			913.65680099258282,
			0.0,
			0.0,
			0.0,
			913.65680099258282,
			0.0,
			959.5,
			527.0,
			1.0
		],
		"width" : 1920
	},
	"version_major" : 1,
	"version_minor" : 0
}