{
	"class_name" : "PinholeCameraParameters",
	"extrinsic" : 
	[
		-0.86856736854971828,
		-0.38158836268257335,
		-0.31619779846774843,
		0.0,
		0.4064633588722103,
		-0.91355930970632626,
		-0.014033016184042447,
		0.0,
		-0.28351060682968948,
		-0.14071143917298862,
		0.94858949324822683,
		0.0,
		-2.0896893847433731,
		10.180966545228326,
		147.62132055829107,
		1.0
	],
	"intrinsic" : 
	{
		"height" : 1055,
		"intrinsic_matrix" : 
		[
			913.65680099258282,
			0.0,
			0.0,
			0.0,
			913.65680099258282,
			0.0,
			959.5,
			527.0,
			1.0
		],
		"width" : 1920
	},
	"version_major" : 1,
	"version_minor" : 0
}